<?xml version="1.0" encoding="UTF-8"?>
<ImagePackager>

<SourceTemplate id="default">

<Source><![CDATA[#include  "r_ospl.h"
R_OSPL_ALIGNMENT( 0x20,
const uint8_t  ${Symbol}[${Size}uL] ) =
{
${BinaryData}
};
]]></Source>


<SourceWithSection><![CDATA[#include  "r_ospl.h"
R_OSPL_ALIGNMENT( 0x20,
R_OSPL_SECTION( "${Section}",
const uint8_t  ${Symbol}[${Size}uL] )) =
{
${BinaryData}
};
]]></SourceWithSection>


<Header><![CDATA[#ifndef  ${IncludeDefine}
#define  ${IncludeDefine}

#ifdef  __cplusplus
extern "C" {  /* Start of C Symbol */
#endif

${DeclareBinaryImageSymbol}

${Variables}

#ifdef  __cplusplus
 }  /* End of C Symbol */ 
#endif

#endif /* ${IncludeDefine} */
]]></Header>


<DeclareVariable><![CDATA[extern const uint8_t  ${Symbol}[ ${Size}uL ];]]></DeclareVariable>


<DeclareAddress><![CDATA[#define  ${Symbol}  ( (const uint8_t*) ${StartAddress} )
/* Last address is ${LastAddress} */
]]></DeclareAddress>


</SourceTemplate>


<SourceTemplate id="LittleEndian_Soft">

<Source><![CDATA[#include  "r_ospl.h"
R_OSPL_ALIGNMENT( 0x4,
const uint8_t  ${Symbol}[${Size}uL] ) =
{
${BinaryData}
};
]]></Source>


<SourceWithSection><![CDATA[#include  "r_ospl.h"
R_OSPL_ALIGNMENT( 0x4,
R_OSPL_SECTION( "${Section}",
const uint8_t  ${Symbol}[${Size}uL] )) =
{
${BinaryData}
};
]]></SourceWithSection>


<Header><![CDATA[#ifndef  ${IncludeDefine}
#define  ${IncludeDefine}

#ifdef  __cplusplus
extern "C" {  /* Start of C Symbol */
#endif

${DeclareBinaryImageSymbol}

${Variables}

#ifdef  __cplusplus
 }  /* End of C Symbol */ 
#endif

#endif /* ${IncludeDefine} */
]]></Header>


<DeclareVariable><![CDATA[extern const uint8_t  ${Symbol}[ ${Size}uL ];]]></DeclareVariable>


<DeclareAddress><![CDATA[#define  ${Symbol}  ( (const uint8_t*) ${StartAddress} )
/* Last address is ${LastAddress} */
]]></DeclareAddress>


</SourceTemplate>


</ImagePackager>
