<?xml version="1.0" encoding="UTF-8"?>
<ImagePackager>


<SuperClass id="default">
<OutputBinary endian="LittleEndian"
	raw_image_alignment="32" raw_stride_alignment="32" raw_stride_alignment_4="YUV422"/>
<InputFiles><File path="*.jpg" alignment="8"/><File path="*.jpeg" alignment="8"/></InputFiles>
</SuperClass>


<SuperClass id="LittleEndian_Hard">
<OutputBinary endian="LittleEndian"
	raw_image_alignment="32" raw_stride_alignment="32" raw_stride_alignment_4="YUV422"/>
<InputFiles><File path="*.jpg" alignment="8"/><File path="*.jpeg" alignment="8"/></InputFiles>
</SuperClass>


<SuperClass id="LittleEndian_Soft">
<OutputBinary endian="LittleEndian"
	raw_image_alignment="32" raw_stride_alignment="4"/>
</SuperClass>


<SuperClass id="BigEndian_Hard">
<OutputBinary endian="BigEndian"
	raw_image_alignment="32" raw_stride_alignment="32" raw_stride_alignment_4="YUV422"/>
<InputFiles><File path="*.jpg" alignment="8"/><File path="*.jpeg" alignment="8"/></InputFiles>
</SuperClass>


<SuperClass id="BigEndian_Soft">
<OutputBinary endian="BigEndian"
	raw_image_alignment="32" raw_stride_alignment="4"/>
</SuperClass>


</ImagePackager>
